hours,WE,WD,both,site_grouping,month
5,0,0,0,12EDM,October
6,4.612365064,2.836879433,4.227517294,12EDM,October
7,6.771344455,7.80141844,6.994619523,12EDM,October
8,7.163886163,8.156028369,7.378939277,12EDM,October
9,7.26202159,9.574468085,7.763259032,12EDM,October
10,7.55642787,9.929078014,8.070714835,12EDM,October
11,7.065750736,12.05673759,8.147578786,12EDM,October
12,7.458292444,11.70212766,8.378170638,12EDM,October
13,7.654563297,9.929078014,8.147578786,12EDM,October
14,9.322865554,6.382978723,8.685626441,12EDM,October
15,9.322865554,5.673758865,8.53189854,12EDM,October
16,8.439646712,6.028368794,7.916986933,12EDM,October
17,7.948969578,5.673758865,7.455803228,12EDM,October
18,6.378802748,3.191489362,5.68793236,12EDM,October
19,3.042198234,1.063829787,2.613374327,12EDM,October
20,0,0,0,12EDM,October
21,0,0,0,12EDM,October
22,0,0,0,12EDM,October
5,0,0,z,11EDM,October
6,0,0,z,11EDM,October
7,0,0,z,11EDM,October
8,0,0,z,11EDM,October
9,2.78,6.1,z,11EDM,October
10,11.77,7.32,z,11EDM,October
11,13.69,6.71,z,11EDM,October
12,13.59,8.54,z,11EDM,October
13,19.15,10.98,z,11EDM,October
14,9.89,5.49,z,11EDM,October
15,4.02,3.05,z,11EDM,October
16,10.91,1.83,z,11EDM,October
17,10.53,0,z,11EDM,October
18,3.67,0,z,11EDM,October
19,0,0,z,11EDM,October
20,0,0,z,11EDM,October
21,0,0,z,11EDM,October
22,0,0,z,11EDM,October
5,0,0,0,10EDM,October
6,0.75,0.75,0.75,10EDM,October
7,7.231,7.231,7.231,10EDM,October
8,7.257,7.257,7.257,10EDM,October
9,10.31,10.31,10.31,10EDM,October
10,11.67,11.67,11.67,10EDM,October
11,11.15,11.15,11.15,10EDM,October
12,8.781,8.781,8.781,10EDM,October
13,8.156,8.156,8.156,10EDM,October
14,7.732,7.732,7.732,10EDM,October
15,7.423,7.423,7.423,10EDM,October
16,6.809,6.809,6.809,10EDM,October
17,6.65,6.65,6.65,10EDM,October
18,4.926,4.926,4.926,10EDM,October
19,1.156,1.156,1.156,10EDM,October
20,0,0,0,10EDM,October
21,0,0,0,10EDM,October
22,0,0,0,10EDM,October
5,x,y,z,9EDM,October
6,x,y,z,9EDM,October
7,x,y,z,9EDM,October
8,x,y,z,9EDM,October
9,x,y,z,9EDM,October
10,x,y,z,9EDM,October
11,x,y,z,9EDM,October
12,x,y,z,9EDM,October
13,x,y,z,9EDM,October
14,x,y,z,9EDM,October
15,x,y,z,9EDM,October
16,x,y,z,9EDM,October
17,x,y,z,9EDM,October
18,x,y,z,9EDM,October
19,x,y,z,9EDM,October
20,x,y,z,9EDM,October
21,x,y,z,9EDM,October
22,x,y,z,9EDM,October
5,0.136923779,0,9.71E-02,8EDM,October
6,4.107713373,4.730105732,4.288719858,8EDM,October
7,9.675947056,9.515859766,9.629389869,8EDM,October
8,10.97672296,11.57484697,11.15067163,8EDM,October
9,11.45595618,12.91040623,11.87894481,8EDM,October
10,11.57005933,13.18864775,12.0407833,8EDM,October
11,11.06800548,11.57484697,11.21540702,8EDM,October
12,10.22364217,9.79410128,10.09872148,8EDM,October
13,8.466453674,8.069003895,8.350865836,8EDM,October
14,6.503879507,6.399554814,6.473539408,8EDM,October
15,5.294386125,4.674457429,5.114096132,8EDM,October
16,4.244637152,3.394546466,3.997410584,8EDM,October
17,2.96668188,2.281580412,2.767438097,8EDM,October
18,2.350524874,1.725097385,2.168635702,8EDM,October
19,0.958466454,0.166944908,0.728273183,8EDM,October
20,0,0,0,8EDM,October
21,0,0,0,8EDM,October
22,x,y,z,8EDM,October
5,8.23E-02,0,4.64E-02,7EDM,October
6,3.04526749,1.703940362,2.460538533,7EDM,October
7,6.008230453,7.880724175,6.824512535,7EDM,October
8,7.242798354,9.158679446,8.077994429,7EDM,October
9,8.724279835,10.01064963,9.285051068,7EDM,October
10,8.724279835,10.75612354,9.610027855,7EDM,October
11,9.135802469,10.96911608,9.935004643,7EDM,October
12,9.62962963,11.39510117,10.3992572,7EDM,October
13,9.62962963,10.33013845,9.935004643,7EDM,October
14,9.053497942,9.691160809,9.331476323,7EDM,October
15,8.148148148,7.135250266,7.706592386,7EDM,October
16,7.736625514,4.898828541,6.499535747,7EDM,October
17,6.008230453,3.088391906,4.735376045,7EDM,October
18,4.444444444,2.236421725,3.48189415,7EDM,October
19,2.386831276,0.745473908,1.671309192,7EDM,October
20,0,0,0,7EDM,October
21,0,0,0,7EDM,October
22,x,y,z,7EDM,October
5,0,0,0,6EDM,October
6,10.09174312,9.586056645,9.941897999,6EDM,October
7,11.55963303,12.41830065,11.8140736,6EDM,October
8,12.11009174,12.41830065,12.20142027,6EDM,October
9,12.66055046,12.41830065,12.58876695,6EDM,October
10,12.75229358,11.32897603,12.33053583,6EDM,October
11,11.65137615,10.23965142,11.23305358,6EDM,October
12,9.633027523,9.368191721,9.554551323,6EDM,October
13,7.431192661,9.368191721,8.005164622,6EDM,October
14,4.678899083,6.753812636,5.293737895,6EDM,October
15,2.752293578,1.74291939,2.45319561,6EDM,October
16,1.28440367,1.74291939,1.420271143,6EDM,October
17,1.467889908,1.307189542,1.420271143,6EDM,October
18,1.19266055,0.871459695,1.097482247,6EDM,October
19,0.733944954,0.435729847,0.645577792,6EDM,October
20,0,0,0,6EDM,October
21,0,0,0,6EDM,October
22,x,y,z,6EDM,October
5,0,0,0,5EDM,October
6,4.688995215,2.777777778,4.276069017,5EDM,October
7,7.081339713,7.986111111,7.276819205,5EDM,October
8,7.272727273,8.333333333,7.501875469,5EDM,October
9,7.081339713,10.06944444,7.726931733,5EDM,October
10,7.368421053,10.41666667,8.027006752,5EDM,October
11,7.177033493,11.80555556,8.177044261,5EDM,October
12,7.559808612,11.45833333,8.402100525,5EDM,October
13,7.846889952,9.722222222,8.252063016,5EDM,October
14,9.186602871,6.25,8.552138035,5EDM,October
15,9.186602871,5.555555556,8.402100525,5EDM,October
16,8.229665072,5.902777778,7.726931733,5EDM,October
17,7.751196172,5.555555556,7.276819205,5EDM,October
18,6.411483254,3.125,5.701425356,5EDM,October
19,3.157894737,1.041666667,2.700675169,5EDM,October
20,0,0,0,5EDM,October
21,0,0,0,5EDM,October
22,x,y,z,5EDM,October
5,0.292911541,0.241254524,0.280224179,4EDM,October
6,4.862331576,4.342581423,4.603682946,4EDM,October
7,9.080257762,9.288299156,9.127301841,4EDM,October
8,10.25190393,10.37394451,10.28823058,4EDM,October
9,11.01347393,11.33896261,11.00880705,4EDM,October
10,11.71646163,11.70084439,11.60928743,4EDM,October
11,12.00937317,11.94209891,12.04963971,4EDM,October
12,10.83772701,10.01206273,10.60848679,4EDM,October
13,7.55711775,8.805790109,7.966373098,4EDM,October
14,7.088459285,6.87575392,7.005604484,4EDM,October
15,5.096660808,5.428226779,5.284227382,4EDM,October
16,3.397773872,3.377563329,3.442754203,4EDM,October
17,3.222026948,3.256936068,3.282626101,4EDM,October
18,2.343292326,2.05066345,2.28182546,4EDM,October
19,1.230228471,0.965018094,1.160928743,4EDM,October
20,0,0,0,4EDM,October
21,0,0,0,4EDM,October
22,x,y,z,4EDM,October
5,0,0,0,3EDM,October
6,5.201916496,4.273504274,4.976671851,3EDM,October
7,7.460643395,9.188034188,7.87973043,3EDM,October
8,8.145106092,9.401709402,8.44997408,3EDM,October
9,8.624229979,10.25641026,9.020217729,3EDM,October
10,9.171800137,9.401709402,9.227579057,3EDM,October
11,8.41889117,11.11111111,9.072058061,3EDM,October
12,7.939767283,10.8974359,8.657335407,3EDM,October
13,7.597535934,9.829059829,8.138932089,3EDM,October
14,8.48733744,6.623931624,8.035251426,3EDM,October
15,7.734428474,5.128205128,7.102125454,3EDM,October
16,6.707734428,5.341880342,6.376360809,3EDM,October
17,6.502395619,4.700854701,6.065318818,3EDM,October
18,5.338809035,2.777777778,4.717470192,3EDM,October
19,2.669404517,1.068376068,2.280974598,3EDM,October
20,0,0,0,3EDM,October
21,0,0,0,3EDM,October
22,0,0,0,3EDM,October
5,0.136923779,0,9.71E-02,2EDM,October
6,4.107713373,4.730105732,4.288719858,2EDM,October
7,9.675947056,9.515859766,9.629389869,2EDM,October
8,10.97672296,11.57484697,11.15067163,2EDM,October
9,11.45595618,12.91040623,11.87894481,2EDM,October
10,11.57005933,13.18864775,12.0407833,2EDM,October
11,11.06800548,11.57484697,11.21540702,2EDM,October
12,10.22364217,9.79410128,10.09872148,2EDM,October
13,8.466453674,8.069003895,8.350865836,2EDM,October
14,6.503879507,6.399554814,6.473539408,2EDM,October
15,5.294386125,4.674457429,5.114096132,2EDM,October
16,4.244637152,3.394546466,3.997410584,2EDM,October
17,2.96668188,2.281580412,2.767438097,2EDM,October
18,2.350524874,1.725097385,2.168635702,2EDM,October
19,0.958466454,0.166944908,0.728273183,2EDM,October
20,0,0,0,2EDM,October
21,0,0,0,2EDM,October
22,x,y,z,2EDM,October
5,0.2002002,0.642005503,0.399394023,1EDM,October
6,4.254254254,4.310608377,4.28315659,1EDM,October
7,7.882882883,8.529501681,8.180691365,1EDM,October
8,10.26026026,10.54723326,10.3980168,1EDM,October
9,11.66166166,11.98410272,11.81655419,1EDM,October
10,11.98698699,12.35096301,12.13331497,1EDM,October
11,12.06206206,11.4032406,11.74769316,1EDM,October
12,11.28628629,10.60837664,10.96267732,1EDM,October
13,8.583583584,8.743503516,8.662718634,1EDM,October
14,6.656656657,6.634056863,6.651976312,1EDM,October
15,5.055055055,4.646896973,4.87536152,1EDM,October
16,3.978978979,3.515744421,3.773584906,1EDM,October
17,3.228228228,3.240599205,3.236468806,1EDM,October
18,1.976976977,1.98715989,1.983197907,1EDM,October
19,0.925925926,0.856007337,0.8951935,1EDM,October
20,0,0,0,1EDM,October
21,0,0,0,1EDM,October
22,x,y,z,1EDM,October
5,0,0,0,12EDM,November
6,0,0,0,12EDM,November
7,5.873963635,5.873963635,5.873963635,12EDM,November
8,8.81543215,8.81543215,8.81543215,12EDM,November
9,10.50710796,10.50710796,10.50710796,12EDM,November
10,11.31411706,11.31411706,11.31411706,12EDM,November
11,11.68306466,11.68306466,11.68306466,12EDM,November
12,11.3215458,11.3215458,11.3215458,12EDM,November
13,11.01777333,11.01777333,11.01777333,12EDM,November
14,10.10028203,10.10028203,10.10028203,12EDM,November
15,9.118209287,9.118209287,9.118209287,12EDM,November
16,8.467278259,8.467278259,8.467278259,12EDM,November
17,1.781225827,1.781225827,1.781225827,12EDM,November
18,0,0,0,12EDM,November
19,0,0,0,12EDM,November
20,0,0,0,12EDM,November
21,0,0,0,12EDM,November
22,0,0,0,12EDM,November
5,x,y,z,11EDM,November
6,x,y,z,11EDM,November
7,x,y,z,11EDM,November
8,x,y,z,11EDM,November
9,x,y,z,11EDM,November
10,x,y,z,11EDM,November
11,x,y,z,11EDM,November
12,x,y,z,11EDM,November
13,x,y,z,11EDM,November
14,x,y,z,11EDM,November
15,x,y,z,11EDM,November
16,x,y,z,11EDM,November
17,x,y,z,11EDM,November
18,x,y,z,11EDM,November
19,x,y,z,11EDM,November
20,x,y,z,11EDM,November
21,x,y,z,11EDM,November
22,x,y,z,11EDM,November
5,0,0,0,10EDM,November
6,0,0,0,10EDM,November
7,5.873963635,5.873963635,5.873963635,10EDM,November
8,8.81543215,8.81543215,8.81543215,10EDM,November
9,10.50710796,10.50710796,10.50710796,10EDM,November
10,11.31411706,11.31411706,11.31411706,10EDM,November
11,11.68306466,11.68306466,11.68306466,10EDM,November
12,11.3215458,11.3215458,11.3215458,10EDM,November
13,11.01777333,11.01777333,11.01777333,10EDM,November
14,10.10028203,10.10028203,10.10028203,10EDM,November
15,9.118209287,9.118209287,9.118209287,10EDM,November
16,8.467278259,8.467278259,8.467278259,10EDM,November
17,1.781225827,1.781225827,1.781225827,10EDM,November
18,0,0,0,10EDM,November
19,0,0,0,10EDM,November
20,0,0,0,10EDM,November
21,0,0,0,10EDM,November
22,x,y,z,10EDM,November
5,x,y,z,9EDM,November
6,0.141944642,0,8.45E-02,9EDM,November
7,2.767920511,5.005213764,3.673986486,9EDM,November
8,6.955287438,8.133472367,7.432432432,9EDM,November
9,9.226401703,9.384775808,9.290540541,9EDM,November
10,10.78779276,11.15745568,10.9375,9EDM,November
11,12.56210078,12.6173097,12.58445946,9EDM,November
12,12.98793471,12.51303441,12.79560811,9EDM,November
13,12.56210078,11.0531804,11.95101351,9EDM,November
14,10.64584812,10.94890511,10.76858108,9EDM,November
15,9.013484741,7.612095933,8.445945946,9EDM,November
16,7.097232079,6.256517205,6.756756757,9EDM,November
17,3.974449965,3.649635036,3.842905405,9EDM,November
18,1.135557133,1.668404588,1.351351351,9EDM,November
19,0.141944642,0,8.45E-02,9EDM,November
20,0,0,0,9EDM,November
21,0,0,0,9EDM,November
22,0,0,0,9EDM,November
5,0.440649959,0.506072874,0.470053071,8EDM,November
6,3.470118425,4.183535762,3.790750569,8EDM,November
7,8.096942991,7.219973009,7.702805155,8EDM,November
8,9.804461581,9.345479082,9.59818044,8EDM,November
9,11.34673644,11.09986505,11.23578469,8EDM,November
10,12.39328009,12.14574899,12.28203184,8EDM,November
11,12.50344258,12.14574899,12.34268385,8EDM,November
12,11.81492702,11.16734143,11.52388173,8EDM,November
13,10.19003029,10.82995951,10.47763457,8EDM,November
14,8.675296062,8.906882591,8.779378317,8EDM,November
15,6.114018177,6.916329285,6.474601971,8EDM,November
16,3.662902782,3.879892038,3.760424564,8EDM,November
17,1.432112366,1.65317139,1.53146323,8EDM,November
18,5.51E-02,0,3.03E-02,8EDM,November
19,0,0,0,8EDM,November
20,0,0,0,8EDM,November
21,0,0,0,8EDM,November
22,x,y,z,8EDM,November
5,0.348735833,0.17905103,0.267379679,7EDM,November
6,2.877070619,3.133393017,2.941176471,7EDM,November
7,5.492589364,7.8782453,6.639928699,7EDM,November
8,7.933740192,10.38495971,9.135472371,7EDM,November
9,9.590235397,11.72784244,10.65062389,7EDM,November
10,10.11333915,11.72784244,10.91800357,7EDM,November
11,11.2467306,11.81736795,11.54188948,7EDM,November
12,11.50828248,11.63831692,11.58645276,7EDM,November
13,9.851787271,11.01163832,10.42780749,7EDM,November
14,10.2005231,8.863025962,9.536541889,7EDM,November
15,9.503051439,6.356311549,7.932263815,7EDM,November
16,7.759372276,3.491495076,5.704099822,7EDM,November
17,3.400174368,1.700984781,2.584670232,7EDM,November
18,0.174367916,8.95E-02,0.13368984,7EDM,November
19,0,0,0,7EDM,November
20,0,0,0,7EDM,November
21,0,0,0,7EDM,November
22,x,y,z,7EDM,November
5,x,y,z,6EDM,November
6,x,y,z,6EDM,November
7,x,y,z,6EDM,November
8,x,y,z,6EDM,November
9,x,y,z,6EDM,November
10,x,y,z,6EDM,November
11,x,y,z,6EDM,November
12,x,y,z,6EDM,November
13,x,y,z,6EDM,November
14,x,y,z,6EDM,November
15,x,y,z,6EDM,November
16,x,y,z,6EDM,November
17,x,y,z,6EDM,November
18,x,y,z,6EDM,November
19,x,y,z,6EDM,November
20,x,y,z,6EDM,November
21,x,y,z,6EDM,November
22,x,y,z,6EDM,November
5,x,y,z,5EDM,November
6,x,y,z,5EDM,November
7,x,y,z,5EDM,November
8,x,y,z,5EDM,November
9,x,y,z,5EDM,November
10,x,y,z,5EDM,November
11,x,y,z,5EDM,November
12,x,y,z,5EDM,November
13,x,y,z,5EDM,November
14,x,y,z,5EDM,November
15,x,y,z,5EDM,November
16,x,y,z,5EDM,November
17,x,y,z,5EDM,November
18,x,y,z,5EDM,November
19,x,y,z,5EDM,November
20,x,y,z,5EDM,November
21,x,y,z,5EDM,November
22,x,y,z,5EDM,November
5,0.473760933,0.44709389,0.467011129,4EDM,November
6,3.4803207,3.683202044,3.596979332,4EDM,November
7,7.744169096,7.302533532,7.57154213,4EDM,November
8,9.657434402,9.878645944,9.757551669,4EDM,November
9,11.0058309,11.58186076,11.26788553,4EDM,November
10,11.8622449,12.2418565,12.04292528,4EDM,November
11,12.06268222,12.30572706,12.18203498,4EDM,November
12,11.44314869,11.3902491,11.41693164,4EDM,November
13,10.00364431,10.6663828,10.27424483,4EDM,November
14,8.837463557,8.665105386,8.714228935,4EDM,November
15,6.705539359,6.621247605,6.667329094,4EDM,November
16,4.610058309,3.661911859,4.163354531,4EDM,November
17,1.895043732,1.532893336,1.748807631,4EDM,November
18,0.163994169,2.13E-02,9.94E-02,4EDM,November
19,5.47E-02,0,2.98E-02,4EDM,November
20,0,0,0,4EDM,November
21,0,0,0,4EDM,November
22,x,y,z,4EDM,November
5,0,0,0,3EDM,November
6,0,0,0,3EDM,November
7,5.873963635,5.873963635,5.873963635,3EDM,November
8,8.81543215,8.81543215,8.81543215,3EDM,November
9,10.50710796,10.50710796,10.50710796,3EDM,November
10,11.31411706,11.31411706,11.31411706,3EDM,November
11,11.68306466,11.68306466,11.68306466,3EDM,November
12,11.3215458,11.3215458,11.3215458,3EDM,November
13,11.01777333,11.01777333,11.01777333,3EDM,November
14,10.10028203,10.10028203,10.10028203,3EDM,November
15,9.118209287,9.118209287,9.118209287,3EDM,November
16,8.467278259,8.467278259,8.467278259,3EDM,November
17,1.781225827,1.781225827,1.781225827,3EDM,November
18,0,0,0,3EDM,November
19,0,0,0,3EDM,November
20,0,0,0,3EDM,November
21,0,0,0,3EDM,November
22,x,y,z,3EDM,November
5,0.440649959,0.506072874,0.470053071,2EDM,November
6,3.470118425,4.183535762,3.790750569,2EDM,November
7,8.096942991,7.219973009,7.702805155,2EDM,November
8,9.804461581,9.345479082,9.59818044,2EDM,November
9,11.34673644,11.09986505,11.23578469,2EDM,November
10,12.39328009,12.14574899,12.28203184,2EDM,November
11,12.50344258,12.14574899,12.34268385,2EDM,November
12,11.81492702,11.16734143,11.52388173,2EDM,November
13,10.19003029,10.82995951,10.47763457,2EDM,November
14,8.675296062,8.906882591,8.779378317,2EDM,November
15,6.114018177,6.916329285,6.474601971,2EDM,November
16,3.662902782,3.879892038,3.760424564,2EDM,November
17,1.432112366,1.65317139,1.53146323,2EDM,November
18,5.51E-02,0,3.03E-02,2EDM,November
19,0,0,0,2EDM,November
20,0,0,0,2EDM,November
21,0,0,0,2EDM,November
22,x,y,z,2EDM,November
5,0.819672131,0.926829268,0.906266183,1EDM,November
6,4.866803279,4.097560976,4.401864319,1EDM,November
7,9.272540984,7.463414634,8.311755567,1EDM,November
8,10.86065574,9.902439024,10.38322113,1EDM,November
9,11.47540984,11.80487805,11.70378042,1EDM,November
10,11.98770492,12.19512195,12.11807354,1EDM,November
11,12.19262295,12.58536585,12.42879337,1EDM,November
12,10.80942623,11.36585366,11.08234076,1EDM,November
13,9.477459016,10.43902439,9.917141378,1EDM,November
14,7.633196721,8.780487805,8.15639565,1EDM,November
15,5.020491803,6.390243902,5.722423615,1EDM,November
16,3.534836066,3.073170732,3.314344899,1EDM,November
17,1.639344262,0.975609756,1.346452615,1EDM,November
18,0.256147541,0,0.129466598,1EDM,November
19,0.153688525,0,7.77E-02,1EDM,November
20,0,0,0,1EDM,November
21,0,0,0,1EDM,November
22,x,y,z,1EDM,November
5,x,y,z,12EDM,December
6,x,y,z,12EDM,December
7,x,y,z,12EDM,December
8,x,y,z,12EDM,December
9,x,y,z,12EDM,December
10,x,y,z,12EDM,December
11,x,y,z,12EDM,December
12,x,y,z,12EDM,December
13,x,y,z,12EDM,December
14,x,y,z,12EDM,December
15,x,y,z,12EDM,December
16,x,y,z,12EDM,December
17,x,y,z,12EDM,December
18,x,y,z,12EDM,December
19,x,y,z,12EDM,December
20,x,y,z,12EDM,December
21,x,y,z,12EDM,December
22,x,y,z,12EDM,December
5,x,y,z,11EDM,December
6,x,y,z,11EDM,December
7,x,y,z,11EDM,December
8,x,y,z,11EDM,December
9,x,y,z,11EDM,December
10,x,y,z,11EDM,December
11,x,y,z,11EDM,December
12,x,y,z,11EDM,December
13,x,y,z,11EDM,December
14,x,y,z,11EDM,December
15,x,y,z,11EDM,December
16,x,y,z,11EDM,December
17,x,y,z,11EDM,December
18,x,y,z,11EDM,December
19,x,y,z,11EDM,December
20,x,y,z,11EDM,December
21,x,y,z,11EDM,December
22,x,y,z,11EDM,December
5,0,0,0,10EDM,December
6,0,0,0,10EDM,December
7,5.873963635,5.873963635,5.873963635,10EDM,December
8,8.81543215,8.81543215,8.81543215,10EDM,December
9,10.50710796,10.50710796,10.50710796,10EDM,December
10,11.31411706,11.31411706,11.31411706,10EDM,December
11,11.68306466,11.68306466,11.68306466,10EDM,December
12,11.3215458,11.3215458,11.3215458,10EDM,December
13,11.01777333,11.01777333,11.01777333,10EDM,December
14,10.10028203,10.10028203,10.10028203,10EDM,December
15,9.118209287,9.118209287,9.118209287,10EDM,December
16,8.467278259,8.467278259,8.467278259,10EDM,December
17,1.781225827,1.781225827,1.781225827,10EDM,December
18,0,0,0,10EDM,December
19,0,0,0,10EDM,December
20,0,0,0,10EDM,December
21,0,0,0,10EDM,December
22,x,x,x,10EDM,December
5,0,0,0,9EDM,December
6,3.084415584,2.23325062,2.747791953,9EDM,December
7,13.63636364,14.1439206,13.83709519,9EDM,December
8,15.90909091,15.38461538,15.7016683,9EDM,December
9,16.72077922,15.8808933,16.38861629,9EDM,December
10,15.90909091,15.8808933,15.89793916,9EDM,December
11,12.33766234,13.15136476,12.65947007,9EDM,December
12,10.22727273,11.1662531,10.5986261,9EDM,December
13,9.090909091,5.955334988,7.850834151,9EDM,December
14,2.597402597,3.473945409,2.944062807,9EDM,December
15,0.487012987,2.23325062,1.177625123,9EDM,December
16,0,0.496277916,0.196270854,9EDM,December
17,0,0,0,9EDM,December
18,0,0,0,9EDM,December
19,0,0,0,9EDM,December
20,0,0,0,9EDM,December
21,0,0,0,9EDM,December
22,x,y,z,9EDM,December
5,7.60E-02,9.03E-02,8.25E-02,8EDM,December
6,3.114318268,2.933212996,3.031552898,8EDM,December
7,7.557918724,7.039711191,7.321097133,8EDM,December
8,9.988606153,8.799638989,9.445246443,8EDM,December
9,11.58374478,10.0631769,10.88884306,8EDM,December
10,12.3433346,11.3267148,11.87873788,8EDM,December
11,12.53323205,11.77797834,12.18808002,8EDM,December
12,12.53323205,12.18411552,12.3736853,8EDM,December
13,10.90011394,11.73285199,11.28067643,8EDM,December
14,8.431447019,9.611913357,8.97092184,8EDM,December
15,6.038739081,7.084837545,6.516807589,8EDM,December
16,3.646031143,5.23465704,4.372035471,8EDM,December
17,1.253323205,2.120938628,1.649824706,8EDM,December
18,0,0,0,8EDM,December
19,0,0,0,8EDM,December
20,0,0,0,8EDM,December
21,0,0,0,8EDM,December
22,x,y,z,8EDM,December
5,0.149925037,0.193050193,0.168776371,7EDM,December
6,4.197901049,4.826254826,4.47257384,7EDM,December
7,8.620689655,7.335907336,8.05907173,7EDM,December
8,10.4197901,8.88030888,9.746835443,7EDM,December
9,11.54422789,10.13513514,10.92827004,7EDM,December
10,12.29385307,11.58301158,11.98312236,7EDM,December
11,11.91904048,11.77606178,11.85654008,7EDM,December
12,11.69415292,12.16216216,11.89873418,7EDM,December
13,10.64467766,11.58301158,11.05485232,7EDM,December
14,8.170914543,9.073359073,8.565400844,7EDM,December
15,5.922038981,6.274131274,6.075949367,7EDM,December
16,3.298350825,4.633204633,3.88185654,7EDM,December
17,1.124437781,1.544401544,1.308016878,7EDM,December
18,0,0,0,7EDM,December
19,0,0,0,7EDM,December
20,0,0,0,7EDM,December
21,0,0,0,7EDM,December
22,x,y,z,7EDM,December
5,x,y,z,6EDM,December
6,x,y,z,6EDM,December
7,x,y,z,6EDM,December
8,x,y,z,6EDM,December
9,x,y,z,6EDM,December
10,x,y,z,6EDM,December
11,x,y,z,6EDM,December
12,x,y,z,6EDM,December
13,x,y,z,6EDM,December
14,x,y,z,6EDM,December
15,x,y,z,6EDM,December
16,x,y,z,6EDM,December
17,x,y,z,6EDM,December
18,x,y,z,6EDM,December
19,x,y,z,6EDM,December
20,x,y,z,6EDM,December
21,x,y,z,6EDM,December
22,x,y,z,6EDM,December
5,x,y,z,5EDM,December
6,x,y,z,5EDM,December
7,x,y,z,5EDM,December
8,x,y,z,5EDM,December
9,x,y,z,5EDM,December
10,x,y,z,5EDM,December
11,x,y,z,5EDM,December
12,x,y,z,5EDM,December
13,x,y,z,5EDM,December
14,x,y,z,5EDM,December
15,x,y,z,5EDM,December
16,x,y,z,5EDM,December
17,x,y,z,5EDM,December
18,x,y,z,5EDM,December
19,x,y,z,5EDM,December
20,x,y,z,5EDM,December
21,x,y,z,5EDM,December
22,x,y,z,5EDM,December
5,0.11294201,0.14165145,0.125633803,4EDM,December
6,3.656109659,3.879733911,3.752063369,4EDM,December
7,8.08930419,7.187809264,7.690084432,4EDM,December
8,10.20419813,8.839973935,9.596040943,4EDM,December
9,11.56398633,10.09915602,10.90855655,4EDM,December
10,12.31859384,11.45486319,11.93093012,4EDM,December
11,12.22613627,11.77702006,12.02231005,4EDM,December
12,12.11369249,12.17313884,12.13620974,4EDM,December
13,10.7723958,11.65793178,11.16776437,4EDM,December
14,8.301180781,9.342636215,8.768161342,4EDM,December
15,5.980389031,6.67948441,6.296378478,4EDM,December
16,3.472190984,4.933930836,4.126946006,4EDM,December
17,1.188880493,1.832670086,1.478920792,4EDM,December
18,0,0,0,4EDM,December
19,0,0,0,4EDM,December
20,0,0,0,4EDM,December
21,0,0,0,4EDM,December
22,x,y,z,4EDM,December
5,0,0,0,3EDM,December
6,0,0,0,3EDM,December
7,5.873963635,5.873963635,5.873963635,3EDM,December
8,8.81543215,8.81543215,8.81543215,3EDM,December
9,10.50710796,10.50710796,10.50710796,3EDM,December
10,11.31411706,11.31411706,11.31411706,3EDM,December
11,11.68306466,11.68306466,11.68306466,3EDM,December
12,11.3215458,11.3215458,11.3215458,3EDM,December
13,11.01777333,11.01777333,11.01777333,3EDM,December
14,10.10028203,10.10028203,10.10028203,3EDM,December
15,9.118209287,9.118209287,9.118209287,3EDM,December
16,8.467278259,8.467278259,8.467278259,3EDM,December
17,1.781225827,1.781225827,1.781225827,3EDM,December
18,0,0,0,3EDM,December
19,0,0,0,3EDM,December
20,0,0,0,3EDM,December
21,0,0,0,3EDM,December
22,x,x,x,3EDM,December
5,7.60E-02,9.03E-02,8.25E-02,2EDM,December
6,3.114318268,2.933212996,3.031552898,2EDM,December
7,7.557918724,7.039711191,7.321097133,2EDM,December
8,9.988606153,8.799638989,9.445246443,2EDM,December
9,11.58374478,10.0631769,10.88884306,2EDM,December
10,12.3433346,11.3267148,11.87873788,2EDM,December
11,12.53323205,11.77797834,12.18808002,2EDM,December
12,12.53323205,12.18411552,12.3736853,2EDM,December
13,10.90011394,11.73285199,11.28067643,2EDM,December
14,8.431447019,9.611913357,8.97092184,2EDM,December
15,6.038739081,7.084837545,6.516807589,2EDM,December
16,3.646031143,5.23465704,4.372035471,2EDM,December
17,1.253323205,2.120938628,1.649824706,2EDM,December
18,0,0,0,2EDM,December
19,0,0,0,2EDM,December
20,0,0,0,2EDM,December
21,0,0,0,2EDM,December
22,x,y,z,2EDM,December
5,0.149925037,0.193050193,0.168776371,1EDM,December
6,4.197901049,4.826254826,4.47257384,1EDM,December
7,8.620689655,7.335907336,8.05907173,1EDM,December
8,10.4197901,8.88030888,9.746835443,1EDM,December
9,11.54422789,10.13513514,10.92827004,1EDM,December
10,12.29385307,11.58301158,11.98312236,1EDM,December
11,11.91904048,11.77606178,11.85654008,1EDM,December
12,11.69415292,12.16216216,11.89873418,1EDM,December
13,10.64467766,11.58301158,11.05485232,1EDM,December
14,8.170914543,9.073359073,8.565400844,1EDM,December
15,5.922038981,6.274131274,6.075949367,1EDM,December
16,3.298350825,4.633204633,3.88185654,1EDM,December
17,1.124437781,1.544401544,1.308016878,1EDM,December
18,0,0,0,1EDM,December
19,0,0,0,1EDM,December
20,0,0,0,1EDM,December
21,0,0,0,1EDM,December
22,x,y,z,1EDM,December
5,4.470588235,4.559748428,4.52403393,12EDM,July
6,7.764705882,5.817610063,6.597549482,12EDM,July
7,9.176470588,7.075471698,7.917059378,12EDM,July
8,9.882352941,7.232704403,8.294062205,12EDM,July
9,8.470588235,8.176100629,8.294062205,12EDM,July
10,8,5.817610063,6.691800189,12EDM,July
11,5.882352941,4.874213836,5.278039585,12EDM,July
12,6.352941176,5.503144654,5.843543827,12EDM,July
13,5.647058824,6.289308176,6.03204524,12EDM,July
14,4.941176471,6.603773585,5.937794533,12EDM,July
15,3.294117647,6.761006289,5.372290292,12EDM,July
16,2.823529412,5.817610063,4.618284637,12EDM,July
17,5.882352941,7.547169811,6.880301602,12EDM,July
18,6.352941176,7.547169811,7.068803016,12EDM,July
19,6.352941176,6.761006289,6.597549482,12EDM,July
20,3.529411765,2.987421384,3.204524034,12EDM,July
21,1.176470588,0.628930818,0.848256362,12EDM,July
22,0,0,0,12EDM,July
5,0,0,z,11EDM,July
6,0,2.7,z,11EDM,July
7,0,8.47,z,11EDM,July
8,8.33,6.67,z,11EDM,July
9,8.33,6.67,z,11EDM,July
10,11.99,7.57,z,11EDM,July
11,9.21,7.63,z,11EDM,July
12,6.78,9.85,z,11EDM,July
13,3.7,38.74,z,11EDM,July
14,3.07,2.7,z,11EDM,July
15,4.88,0.9,z,11EDM,July
16,18.63,0.9,z,11EDM,July
17,6.44,1.8,z,11EDM,July
18,5.22,0.9,z,11EDM,July
19,7.32,0.9,z,11EDM,July
20,6.1,2.7,z,11EDM,July
21,0,0.9,z,11EDM,July
22,0,0,z,11EDM,July
5,x,y,z,10EDM,July
6,x,y,z,10EDM,July
7,x,y,z,10EDM,July
8,x,y,z,10EDM,July
9,x,y,z,10EDM,July
10,x,y,z,10EDM,July
11,x,y,z,10EDM,July
12,x,y,z,10EDM,July
13,x,y,z,10EDM,July
14,x,y,z,10EDM,July
15,x,y,z,10EDM,July
16,x,y,z,10EDM,July
17,x,y,z,10EDM,July
18,x,y,z,10EDM,July
19,x,y,z,10EDM,July
20,x,y,z,10EDM,July
21,x,y,z,10EDM,July
22,x,y,z,10EDM,July
5,x,y,z,9EDM,July
6,x,y,z,9EDM,July
7,x,y,z,9EDM,July
8,x,y,z,9EDM,July
9,x,y,z,9EDM,July
10,x,y,z,9EDM,July
11,x,y,z,9EDM,July
12,x,y,z,9EDM,July
13,x,y,z,9EDM,July
14,x,y,z,9EDM,July
15,x,y,z,9EDM,July
16,x,y,z,9EDM,July
17,x,y,z,9EDM,July
18,x,y,z,9EDM,July
19,x,y,z,9EDM,July
20,x,y,z,9EDM,July
21,x,y,z,9EDM,July
22,x,y,z,9EDM,July
5,x,y,z,8EDM,July
6,x,y,z,8EDM,July
7,x,y,z,8EDM,July
8,x,y,z,8EDM,July
9,x,y,z,8EDM,July
10,x,y,z,8EDM,July
11,x,y,z,8EDM,July
12,x,y,z,8EDM,July
13,x,y,z,8EDM,July
14,x,y,z,8EDM,July
15,x,y,z,8EDM,July
16,x,y,z,8EDM,July
17,x,y,z,8EDM,July
18,x,y,z,8EDM,July
19,x,y,z,8EDM,July
20,x,y,z,8EDM,July
21,x,y,z,8EDM,July
22,x,y,z,8EDM,July
5,3.02708444,1.54679041,3.62,7EDM,July
6,7.010090281,8.120649652,7.67,7EDM,July
7,9.55921402,10.05413766,9.85,7EDM,July
8,10.67445566,11.36890951,10.67,7EDM,July
9,11.41795008,11.05955143,11.1,7EDM,July
10,11.78969729,11.44624903,11.35,7EDM,July
11,10.40892193,10.82753287,10.43,7EDM,July
12,8.709506107,8.197989172,8.28,7EDM,July
13,6.372809347,5.955143078,6.04,7EDM,July
14,4.77960701,4.71771075,4.66,7EDM,July
15,3.876792353,3.789636504,3.83,7EDM,July
16,3.398831652,3.557617943,3.59,7EDM,July
17,3.186404673,3.09358082,3.07,7EDM,July
18,2.602230483,2.552204176,2.52,7EDM,July
19,1.646309081,1.856148492,1.69,7EDM,July
20,1.433882103,1.856148492,1.56,7EDM,July
21,0.106213489,0,0.06,7EDM,July
22,0,0,0,7EDM,July
5,10.94890511,12.16931217,11.739503,6EDM,July
6,12.89537713,14.55026455,13.96743787,6EDM,July
7,14.84184915,15.21164021,15.08140531,6EDM,July
8,12.40875912,14.28571429,13.62467866,6EDM,July
9,11.92214112,10.18518519,10.79691517,6EDM,July
10,9.489051095,9.126984127,9.254498715,6EDM,July
11,6.569343066,7.407407407,7.112253642,6EDM,July
12,4.622871046,3.703703704,4.027420737,6EDM,July
13,1.216545012,1.19047619,1.199657241,6EDM,July
14,0.243309002,1.322751323,0.942587832,6EDM,July
15,3.163017032,0.396825397,1.371036847,6EDM,July
16,3.406326034,0.396825397,1.45672665,6EDM,July
17,3.406326034,1.455026455,2.142245073,6EDM,July
18,2.433090024,2.777777778,2.65638389,6EDM,July
19,1.459854015,2.777777778,2.313624679,6EDM,July
20,0.97323601,2.116402116,1.713796058,6EDM,July
21,0,0.925925926,0.59982862,6EDM,July
22,0,9.26E-03,6.00E-03,6EDM,July
5,4.398148148,4.434250765,4.419889503,5EDM,July
6,7.638888889,5.657492355,6.445672192,5EDM,July
7,9.027777778,6.880733945,7.73480663,5EDM,July
8,9.722222222,7.033639144,8.103130755,5EDM,July
9,8.333333333,8.256880734,8.287292818,5EDM,July
10,7.87037037,5.963302752,6.721915285,5EDM,July
11,5.787037037,4.740061162,5.156537753,5EDM,July
12,6.25,5.351681957,5.709023941,5EDM,July
13,5.555555556,6.116207951,5.893186004,5EDM,July
14,4.861111111,6.422018349,5.801104972,5EDM,July
15,3.703703704,6.574923547,5.432780847,5EDM,July
16,3.240740741,5.810397554,4.788213628,5EDM,July
17,6.018518519,7.49235474,6.906077348,5EDM,July
18,6.25,7.49235474,6.998158379,5EDM,July
19,6.481481481,6.880733945,6.721915285,5EDM,July
20,3.703703704,3.822629969,3.775322284,5EDM,July
21,1.157407407,1.070336391,1.104972376,5EDM,July
22,x,y,z,5EDM,July
5,3.398791541,2.068965517,2.822748028,4EDM,July
6,6.722054381,7.24137931,7.139892071,4EDM,July
7,8.383685801,8.534482759,8.468244085,4EDM,July
8,9.516616314,10.51724138,9.9626401,4EDM,July
9,10.04531722,10.0862069,10.0456621,4EDM,July
10,10.64954683,10.51724138,10.58530511,4EDM,July
11,10.12084592,11.03448276,10.62681611,4EDM,July
12,8.685800604,9.74137931,9.298464093,4EDM,July
13,6.64652568,8.103448276,7.264425073,4EDM,July
14,5.513595166,6.206896552,5.853051059,4EDM,July
15,4.909365559,5.172413793,5.02283105,4EDM,July
16,4.682779456,3.793103448,4.151100042,4EDM,July
17,3.398791541,2.413793103,2.781237028,4EDM,July
18,3.096676737,2.155172414,2.656704027,4EDM,July
19,2.114803625,1.379310345,1.743462017,4EDM,July
20,2.114803625,1.034482759,1.577418016,4EDM,July
21,0,0,0,4EDM,July
22,x,y,z,4EDM,July
5,6.872370266,7.055749129,6.985491671,3EDM,July
6,9.396914446,9.320557491,9.349811929,3EDM,July
7,11.0799439,10.45296167,10.69317571,3EDM,July
8,10.65918654,9.930313589,10.20956475,3EDM,July
9,9.5371669,9.146341463,9.296077378,3EDM,July
10,8.274894811,7.142857143,7.576571736,3EDM,July
11,5.610098177,5.574912892,5.588393337,3EDM,July
12,5.610098177,4.87804878,5.158516926,3EDM,July
13,3.786816269,4.006968641,3.922622246,3EDM,July
14,3.085553997,4.268292683,3.815153143,3EDM,July
15,3.786816269,4.006968641,3.922622246,3EDM,July
16,3.646563815,3.484320557,3.546480387,3EDM,July
17,5.469845722,5.139372822,5.265986029,3EDM,July
18,5.189340813,6.010452962,5.69586244,3EDM,July
19,4.628330996,5.574912892,5.212251478,3EDM,July
20,2.664796634,3.048780488,2.901665771,3EDM,July
21,0.701262272,0.958188153,0.859752821,3EDM,July
22,0,0,0,3EDM,July
5,6.958879349,7.348793482,7.185240126,2EDM,July
6,10.77722549,10.56095268,10.65269794,2EDM,July
7,11.90691369,11.42275149,11.62618209,2EDM,July
8,12.47175779,12.04951426,12.22881513,2EDM,July
9,12.1554451,11.8771545,11.99703319,2EDM,July
10,10.89019431,10.92134127,10.91229371,2EDM,July
11,8.99231812,8.900031338,8.937511589,2EDM,July
12,7.004066878,6.831714196,6.897830521,2EDM,July
13,4.609127881,4.920087747,4.802521788,2EDM,July
14,3.117939449,3.196490128,3.170776933,2EDM,July
15,2.259376412,2.601065497,2.466159837,2EDM,July
16,1.80750113,1.927295519,1.882069349,2EDM,July
17,1.92046995,1.833281103,1.854255516,2EDM,July
18,1.852688658,1.989971796,1.919154459,2EDM,July
19,1.671938545,1.754935757,1.705915075,2EDM,July
20,1.333032083,1.284863679,1.307250139,2EDM,July
21,0.271125169,0.579755563,0.454292602,2EDM,July
22,x,y,z,2EDM,July
5,2.861771058,1.607445008,2.373,1EDM,July
6,6.965442765,8.037225042,7.383,1EDM,July
7,9.44924406,10.321489,9.789,1EDM,July
8,10.69114471,11.4213198,10.976,1EDM,July
9,11.28509719,11.16751269,11.239,1EDM,July
10,11.93304536,11.25211506,11.668,1EDM,July
11,10.52915767,11.16751269,10.778,1EDM,July
12,8.855291577,9.306260575,9.031,1EDM,July
13,6.20950324,6.514382403,6.328,1EDM,July
14,4.805615551,5.499153976,5.076,1EDM,July
15,3.941684665,4.145516074,4.021,1EDM,July
16,3.401727862,3.299492386,3.362,1EDM,July
17,3.07775378,2.115059222,2.703,1EDM,July
18,2.591792657,1.607445008,2.208,1EDM,July
19,1.781857451,1.269035533,1.582,1EDM,July
20,1.61987041,1.269035533,1.483,1EDM,July
21,0,0,0,1EDM,July
22,x,y,z,1EDM,July
5,0.672430355,0.12345679,0.432198811,12EDM,August
6,0.768491835,0.24691358,0.540248514,12EDM,August
7,4.034582133,2.222222222,3.241491086,12EDM,August
8,6.820365034,5.555555556,6.266882766,12EDM,August
9,8.549471662,6.666666667,7.725553755,12EDM,August
10,9.702209414,9.50617284,9.616423555,12EDM,August
11,10.66282421,10.74074074,10.69692058,12EDM,August
12,10.56676273,10.98765432,10.75094543,12EDM,August
13,9.029779059,9.259259259,9.130199892,12EDM,August
14,8.453410183,8.148148148,8.31982712,12EDM,August
15,7.492795389,7.407407407,7.455429498,12EDM,August
16,7.588856868,8.518518519,7.995678012,12EDM,August
17,7.012487992,7.530864198,7.239330092,12EDM,August
18,5.571565802,8.024691358,6.645056726,12EDM,August
19,2.305475504,4.691358025,3.349540789,12EDM,August
20,0.768491835,0.37037037,0.594273366,12EDM,August
21,0,0,0,12EDM,August
22,0,0,0,12EDM,August
5,5,0,0,11EDM,August
6,6,0,0,11EDM,August
7,7,1.95,0.63,11EDM,August
8,8,4.62,0.94,11EDM,August
9,9,8.29,1.1,11EDM,August
10,10,13.23,7.43,11EDM,August
11,11,15.09,11.27,11EDM,August
12,12,8.18,1.88,11EDM,August
13,13,7.86,4.08,11EDM,August
14,14,6.05,9.23,11EDM,August
15,15,4.81,6.46,11EDM,August
16,16,3.47,6.04,11EDM,August
17,17,6.09,11.75,11EDM,August
18,18,10.1,19.45,11EDM,August
19,19,7.58,17.16,11EDM,August
20,20,2.67,2.61,11EDM,August
21,21,0,0,11EDM,August
22,22,0,0,11EDM,August
5,1.424501425,1.424501425,1.424501425,10EDM,August
6,5.327164418,5.327164418,5.327164418,10EDM,August
7,6.310188128,6.310188128,6.310188128,10EDM,August
8,6.804054531,6.804054531,6.804054531,10EDM,August
9,7.624025806,7.624025806,7.624025806,10EDM,August
10,8.09258082,8.09258082,8.09258082,10EDM,August
11,6.719879447,6.719879447,6.719879447,10EDM,August
12,6.765793129,6.765793129,6.765793129,10EDM,August
13,7.493937039,7.493937039,7.493937039,10EDM,August
14,6.336676791,6.336676791,6.336676791,10EDM,August
15,5.264768901,5.264768901,5.264768901,10EDM,August
16,5.646205646,5.646205646,5.646205646,10EDM,August
17,6.957100139,6.957100139,6.957100139,10EDM,August
18,6.157731158,6.157731158,6.157731158,10EDM,August
19,7.967201149,7.967201149,7.967201149,10EDM,August
20,5.108191472,5.108191472,5.108191472,10EDM,August
21,0,0,0,10EDM,August
22,x,y,z,10EDM,August
5,x,y,z,9EDM,August
6,x,y,z,9EDM,August
7,x,y,z,9EDM,August
8,x,y,z,9EDM,August
9,x,y,z,9EDM,August
10,x,y,z,9EDM,August
11,x,y,z,9EDM,August
12,x,y,z,9EDM,August
13,x,y,z,9EDM,August
14,x,y,z,9EDM,August
15,x,y,z,9EDM,August
16,x,y,z,9EDM,August
17,x,y,z,9EDM,August
18,x,y,z,9EDM,August
19,x,y,z,9EDM,August
20,x,y,z,9EDM,August
21,x,y,z,9EDM,August
22,x,y,z,9EDM,August
5,3.507389163,6.741233374,5.650319829,8EDM,August
6,7.527093596,10.18742443,9.288379531,8EDM,August
7,9.615763547,11.59814591,10.92750533,8EDM,August
8,10.32512315,12.14228134,11.5271855,8EDM,August
9,10.73891626,11.48730351,11.23400853,8EDM,August
10,10.85714286,10.69125353,10.74760128,8EDM,August
11,9.517241379,9.079000403,9.228411514,8EDM,August
12,8.177339901,6.962918178,7.376066098,8EDM,August
13,6.305418719,4.574768239,5.16391258,8EDM,August
14,5.162561576,3.063280935,3.771321962,8EDM,August
15,3.645320197,2.307537283,2.758528785,8EDM,August
16,3.093596059,2.277307537,2.551972281,8EDM,August
17,3.428571429,2.720677146,2.958422175,8EDM,August
18,3.133004926,2.519145506,2.72521322,8EDM,August
19,2.975369458,2.176541717,2.445362473,8EDM,August
20,1.990147783,1.380491737,1.585820896,8EDM,August
21,0,9.07E-02,6.00E-02,8EDM,August
22,0,9.07E-02,6.00E-02,8EDM,August
5,0.711743772,0,0.465116279,7EDM,August
6,3.914590747,5.369127517,4.418604651,7EDM,August
7,6.049822064,7.382550336,6.511627907,7EDM,August
8,9.608540925,14.09395973,11.1627907,7EDM,August
9,9.608540925,14.09395973,11.1627907,7EDM,August
10,10.3202847,14.09395973,11.62790698,7EDM,August
11,8.896797153,14.09395973,10.69767442,7EDM,August
12,8.185053381,11.40939597,9.302325581,7EDM,August
13,5.338078292,8.724832215,6.511627907,7EDM,August
14,6.40569395,5.369127517,6.046511628,7EDM,August
15,7.117437722,4.026845638,6.046511628,7EDM,August
16,7.829181495,1.342281879,5.581395349,7EDM,August
17,6.40569395,0,4.186046512,7EDM,August
18,4.270462633,0,2.790697674,7EDM,August
19,3.558718861,0,2.325581395,7EDM,August
20,1.779359431,0,1.162790698,7EDM,August
21,0,0,0,7EDM,August
22,x,y,z,7EDM,August
5,9.518935517,8.664259928,9.209666884,6EDM,August
6,13.30603889,11.19133574,12.54082299,6EDM,August
7,13.81780962,11.55234657,12.9980405,6EDM,August
8,13.92016377,11.55234657,13.06335728,6EDM,August
9,12.38485159,11.19133574,11.95297191,6EDM,August
10,11.25895599,9.747292419,10.71195297,6EDM,August
11,7.47185261,4.693140794,6.466361855,6EDM,August
12,5.322415558,3.790613718,4.768125408,6EDM,August
13,3.07062436,2.707581227,2.939255389,6EDM,August
14,1.944728762,1.805054152,1.894186806,6EDM,August
15,1.330603889,0.722021661,1.110385369,6EDM,August
16,2.047082907,3.068592058,2.416721097,6EDM,August
17,1.740020471,4.332129964,2.677988243,6EDM,August
18,1.228249744,6.137184116,3.004572175,6EDM,August
19,0.921187308,5.59566787,2.612671457,6EDM,August
20,0.716479017,3.249097473,1.63291966,6EDM,August
21,0,0,0,6EDM,August
22,x,y,z,6EDM,August
5,3.242677824,2.723004695,2.968827313,5EDM,August
6,6.694560669,6.103286385,6.382978723,5EDM,August
7,8.682008368,8.075117371,8.362196932,5EDM,August
8,7.426778243,7.605633803,7.521029193,5EDM,August
9,7.008368201,6.103286385,6.531420089,5EDM,August
10,7.008368201,6.666666667,6.82830282,5EDM,August
11,5.753138075,6.291079812,6.036615537,5EDM,August
12,4.811715481,6.197183099,5.541810985,5EDM,August
13,4.811715481,5.070422535,4.948045522,5EDM,August
14,4.916317992,5.539906103,5.244928253,5EDM,August
15,6.171548117,7.230046948,6.72934191,5EDM,August
16,7.322175732,6.854460094,7.075705096,5EDM,August
17,8.891213389,8.169014085,8.510638298,5EDM,August
18,6.90376569,6.854460094,6.877783276,5EDM,August
19,6.380753138,5.915492958,6.086095992,5EDM,August
20,3.870292887,4.507042254,4.255319149,5EDM,August
21,0.10460251,9.39E-02,9.90E-02,5EDM,August
22,x,y,z,5EDM,August
5,2.155365963,1.170643854,1.663669065,4EDM,August
6,5.433318366,4.457451598,4.946043165,4EDM,August
7,7.947911989,6.708689779,7.329136691,4EDM,August
8,9.788953749,8.464655561,9.127697842,4EDM,August
9,11.09115402,9.185051778,10.13938849,4EDM,August
10,10.6870229,9.635299415,10.1618705,4EDM,August
11,9.923664122,8.95992796,9.442446043,4EDM,August
12,8.756174225,8.059432688,8.408273381,4EDM,August
13,7.229456668,7.068887888,7.149280576,4EDM,August
14,5.612932196,5.357946871,5.485611511,4EDM,August
15,4.310731926,4.907699235,4.60881295,4EDM,August
16,4.131118096,5.357946871,4.743705036,4EDM,August
17,3.816793893,5.853219271,4.833633094,4EDM,August
18,3.68208352,5.808194507,4.743705036,4EDM,August
19,3.233048945,5.538045925,4.383992806,4EDM,August
20,2.02065559,3.466906799,2.742805755,4EDM,August
21,0.17961383,0,8.99E-02,4EDM,August
22,x,y,z,4EDM,August
5,5.397210431,2.580140735,4.166666667,3EDM,August
6,9.399636143,5.863956216,7.855191257,3EDM,August
7,10.79442086,7.505863956,9.357923497,3EDM,August
8,10.36992116,7.740422205,9.221311475,3EDM,August
9,9.338993329,6.80218921,8.230874317,3EDM,August
10,8.671922377,6.724003127,7.821038251,3EDM,August
11,6.306852638,5.863956216,6.113387978,3EDM,August
12,4.487568223,6.020328382,5.157103825,3EDM,August
13,3.881140085,4.847537138,4.303278689,3EDM,August
14,3.63856883,5.238467553,4.337431694,3EDM,August
15,4.366282596,5.785770133,4.986338798,3EDM,August
16,5.457853244,6.411258796,5.87431694,3EDM,August
17,6.18556701,8.131352619,7.035519126,3EDM,August
18,4.730139478,8.131352619,6.215846995,3EDM,August
19,4.244996968,7.114933542,5.49863388,3EDM,August
20,2.668283808,5.16028147,3.756830601,3EDM,August
21,6.06E-02,7.82E-02,6.83E-02,3EDM,August
22,0,0,0,3EDM,August
5,3.507389163,6.741233374,5.650319829,2EDM,August
6,7.527093596,10.18742443,9.288379531,2EDM,August
7,9.615763547,11.59814591,10.92750533,2EDM,August
8,10.32512315,12.14228134,11.5271855,2EDM,August
9,10.73891626,11.48730351,11.23400853,2EDM,August
10,10.85714286,10.69125353,10.74760128,2EDM,August
11,9.517241379,9.079000403,9.228411514,2EDM,August
12,8.177339901,6.962918178,7.376066098,2EDM,August
13,6.305418719,4.574768239,5.16391258,2EDM,August
14,5.162561576,3.063280935,3.771321962,2EDM,August
15,3.645320197,2.307537283,2.758528785,2EDM,August
16,3.093596059,2.277307537,2.551972281,2EDM,August
17,3.428571429,2.720677146,2.958422175,2EDM,August
18,3.133004926,2.519145506,2.72521322,2EDM,August
19,2.975369458,2.176541717,2.445362473,2EDM,August
20,1.990147783,1.380491737,1.585820896,2EDM,August
21,0,9.07E-02,6.00E-02,2EDM,August
22,x,y,z,2EDM,August
5,1.48971388,0.707013575,1.133290406,1EDM,August
6,4.350910381,3.563348416,3.99227302,1EDM,August
7,7.42492315,6.023755656,6.786864134,1EDM,August
8,9.222038307,7.833710407,8.589826143,1EDM,August
9,10.73539844,8.512443439,9.723116549,1EDM,August
10,10.92456846,9.445701357,10.25112685,1EDM,August
11,10.3097659,9.502262443,9.94204765,1EDM,August
12,9.127453299,8.795248869,8.976175145,1EDM,August
13,6.786474344,7.494343891,7.108821636,1EDM,August
14,5.344052968,6.108597285,5.692208628,1EDM,August
15,4.658311658,5.68438914,5.125563426,1EDM,August
16,4.989359187,6.108597285,5.499034127,1EDM,August
17,4.942066682,5.938914027,5.396007727,1EDM,August
18,4.469141641,5.96719457,5.151320026,1EDM,August
19,3.239536533,5.147058824,4.108177721,1EDM,August
20,1.726176401,2.941176471,2.279459111,1EDM,August
21,0.260108773,0.226244344,0.244687701,1EDM,August
22,x,y,z,1EDM,August
5,0.173310225,0,0.111731844,12EDM,September
6,1.64644714,0.314465409,1.173184358,12EDM,September
7,5.285961872,5.188679245,5.251396648,12EDM,September
8,7.625649913,6.446540881,7.206703911,12EDM,September
9,8.665511265,8.018867925,8.43575419,12EDM,September
10,7.798960139,8.490566038,8.044692737,12EDM,September
11,8.232235702,10.37735849,8.994413408,12EDM,September
12,8.49220104,9.27672956,8.770949721,12EDM,September
13,8.83882149,8.333333333,8.659217877,12EDM,September
14,9.098786828,8.647798742,8.938547486,12EDM,September
15,10.05199307,9.905660377,10,12EDM,September
16,9.532062392,9.119496855,9.38547486,12EDM,September
17,7.798960139,8.018867925,7.877094972,12EDM,September
18,4.939341421,5.660377358,5.195530726,12EDM,September
19,1.819757366,2.201257862,1.955307263,12EDM,September
20,0,0,0,12EDM,September
21,0,0,0,12EDM,September
22,0,0,0,12EDM,September
5,0,0,z,11EDM,September
6,0,0,z,11EDM,September
7,0,3.51,z,11EDM,September
8,5.01,5.26,z,11EDM,September
9,11.42,7.49,z,11EDM,September
10,10.6,4.98,z,11EDM,September
11,12.15,6.39,z,11EDM,September
12,5.23,12,z,11EDM,September
13,5.23,20.58,z,11EDM,September
14,4.46,8.86,z,11EDM,September
15,4.07,10.61,z,11EDM,September
16,1.36,6.35,z,11EDM,September
17,2.13,8.27,z,11EDM,September
18,4.43,4.51,z,11EDM,September
19,0.58,1.19,z,11EDM,September
20,0,0,z,11EDM,September
21,0,0,z,11EDM,September
22,0,0,z,11EDM,September
5,0,0,0,10EDM,September
6,9.29,10.12,9.767,10EDM,September
7,14.21,12.55,13.26,10EDM,September
8,14.21,12.55,13.26,10EDM,September
9,13.66,14.17,13.95,10EDM,September
10,8.743,12.55,10.93,10EDM,September
11,9.836,9.312,9.535,10EDM,September
12,2.732,6.883,5.116,10EDM,September
13,2.732,2.429,2.558,10EDM,September
14,1.639,2.429,2.093,10EDM,September
15,2.186,2.834,2.558,10EDM,September
16,3.825,2.429,3.023,10EDM,September
17,5.464,4.049,4.651,10EDM,September
18,5.464,4.049,4.651,10EDM,September
19,4.372,3.644,3.953,10EDM,September
20,1.639,0,0.698,10EDM,September
21,0,0,0,10EDM,September
22,0,0,0,10EDM,September
5,x,y,z,9EDM,September
6,x,y,z,9EDM,September
7,x,y,z,9EDM,September
8,x,y,z,9EDM,September
9,x,y,z,9EDM,September
10,x,y,z,9EDM,September
11,x,y,z,9EDM,September
12,x,y,z,9EDM,September
13,x,y,z,9EDM,September
14,x,y,z,9EDM,September
15,x,y,z,9EDM,September
16,x,y,z,9EDM,September
17,x,y,z,9EDM,September
18,x,y,z,9EDM,September
19,x,y,z,9EDM,September
20,x,y,z,9EDM,September
21,x,y,z,9EDM,September
22,x,y,z,9EDM,September
5,0.326348334,0.332986472,0.329349769,8EDM,September
6,5.376159395,6.035379813,5.674226028,8EDM,September
7,9.395396771,9.448491155,9.419403406,8EDM,September
8,10.75231879,10.61394381,10.68975252,8EDM,September
9,11.02713844,11.21748179,11.11320222,8EDM,September
10,10.97560976,11.38397503,11.16025219,8EDM,September
11,10.83819993,10.78043704,10.81208243,8EDM,September
12,9.549982824,8.990634755,9.297073492,8EDM,September
13,7.935417382,7.013527575,7.518584737,8EDM,September
14,6.355204397,6.139438085,6.25764562,8EDM,September
15,5.135692202,5.140478668,5.137856404,8EDM,September
16,4.190999656,3.579604579,3.91455726,8EDM,September
17,3.280659567,3.704474506,3.472287569,8EDM,September
18,2.507729303,2.934443288,2.70066811,8EDM,September
19,1.940913775,2.414151925,2.154888492,8EDM,September
20,0.412229474,0.270551509,0.348169756,8EDM,September
21,0,0,0,8EDM,September
22,x,y,z,8EDM,September
5,0.747663551,0.437636761,0.60483871,7EDM,September
6,5.607476636,3.501094092,4.637096774,7EDM,September
7,8.224299065,6.783369803,7.560483871,7EDM,September
8,10.09345794,7.877461707,9.072580645,7EDM,September
9,11.21495327,9.846827133,10.58467742,7EDM,September
10,11.21495327,11.81619256,11.49193548,7EDM,September
11,9.719626168,11.81619256,10.68548387,7EDM,September
12,10.46728972,11.15973742,10.78629032,7EDM,September
13,8.598130841,11.15973742,9.778225806,7EDM,September
14,4.672897196,6.783369803,5.64516129,7EDM,September
15,4.672897196,6.564551422,5.544354839,7EDM,September
16,4.112149533,3.938730853,4.032258065,7EDM,September
17,3.551401869,3.282275711,3.427419355,7EDM,September
18,3.177570093,2.407002188,2.822580645,7EDM,September
19,2.803738318,2.188183807,2.52016129,7EDM,September
20,1.121495327,0.437636761,0.806451613,7EDM,September
21,0,0,0,7EDM,September
22,x,y,z,7EDM,September
5,4.545454545,2.229845626,3.608605135,6EDM,September
6,10.43123543,13.20754717,11.55447606,6EDM,September
7,12.004662,15.00857633,13.21998612,6EDM,September
8,11.18881119,13.37907376,12.07494795,6EDM,September
9,11.36363636,12.17838765,11.69326856,6EDM,September
10,11.65501166,9.948542024,10.96460791,6EDM,September
11,10.1981352,8.061749571,9.333795975,6EDM,September
12,7.575757576,5.317324185,6.66204025,6EDM,September
13,6.060606061,3.687821612,5.100624566,6EDM,September
14,5.536130536,3.687821612,4.78834143,6EDM,September
15,2.331002331,2.058319039,2.220680083,6EDM,September
16,1.515151515,2.401372213,1.87369882,6EDM,September
17,1.806526807,3.001715266,2.290076336,6EDM,September
18,1.806526807,3.259005146,2.394170715,6EDM,September
19,1.573426573,2.144082333,1.804302568,6EDM,September
20,0.407925408,0.428816467,0.416377516,6EDM,September
21,0,0,0,6EDM,September
22,x,y,z,6EDM,September
5,0.564546481,0.822481151,0.655976676,5EDM,September
6,5.796010538,5.277587389,5.612244898,5EDM,September
7,7.790741438,7.196710075,7.580174927,5EDM,September
8,8.995107264,7.196710075,8.357628766,5EDM,September
9,9.559653745,7.333790267,8.770651118,5EDM,September
10,8.543470079,7.539410555,8.187560739,5EDM,September
11,8.091832894,7.265250171,7.798833819,5EDM,September
12,8.242378623,9.184372858,8.576287658,5EDM,September
13,7.677832142,8.430431803,7.944606414,5EDM,September
14,6.962739932,8.087731323,7.361516035,5EDM,September
15,6.360557019,7.745030843,6.851311953,5EDM,September
16,6.473466315,6.854009596,6.608357629,5EDM,September
17,5.796010538,6.648389308,6.098153547,5EDM,September
18,4.968009033,5.962988348,5.320699708,5EDM,September
19,3.424915318,3.769705278,3.547133139,5EDM,September
20,0.752728641,0.68540096,0.728862974,5EDM,September
21,0,0,0,5EDM,September
22,x,y,z,5EDM,September
5,1.614639397,0.493920973,1.070308175,4EDM,September
6,6.853247219,4.217325228,5.572983945,4EDM,September
7,9.651955508,7.332826748,8.525558221,4EDM,September
8,11.66128454,9.38449848,10.55545304,4EDM,September
9,12.48654467,10.06838906,11.31205019,4EDM,September
10,12.30714029,10.41033435,11.38586455,4EDM,September
11,11.55364191,10.37234043,10.97988559,4EDM,September
12,8.862576247,9.042553191,8.949990773,4EDM,September
13,7.499102978,7.864741641,7.676693117,4EDM,September
14,5.202726947,6.458966565,5.812880605,4EDM,September
15,3.588087549,5.623100304,4.576490127,4EDM,September
16,3.193397919,5.357142857,4.244325521,4EDM,September
17,2.655184787,5.09118541,3.838346558,4EDM,September
18,1.973448152,4.331306991,3.118656579,4EDM,September
19,0.897021887,3.53343465,2.177523528,4EDM,September
20,0,0.417933131,0.202989481,4EDM,September
21,0,0,0,4EDM,September
22,x,y,z,4EDM,September
5,0.842533411,1.028695181,0.907543959,3EDM,September
6,6.4787914,5.197617759,6.031385895,3EDM,September
7,8.71586287,7.634001083,8.338060125,3EDM,September
8,9.442184776,7.688142934,8.829646436,3EDM,September
9,10.08134805,7.634001083,9.226696918,3EDM,September
10,9.209761766,7.52571738,8.621667612,3EDM,September
11,8.425334108,7.309149973,8.035545472,3EDM,September
12,7.960488088,8.987547374,8.319152959,3EDM,September
13,7.088901801,8.554412561,7.600680658,3EDM,September
14,6.449738524,8.229561451,7.071280015,3EDM,September
15,5.926786752,7.038440715,6.314993382,3EDM,September
16,5.665310866,6.605305901,5.993571564,3EDM,September
17,5.17141197,6.280454792,5.55870675,3EDM,September
18,4.532248693,6.063887385,5.067120439,3EDM,September
19,3.253922138,3.681645912,3.403289847,3EDM,September
20,0.755374782,0.541418517,0.680657969,3EDM,September
21,0,0,0,3EDM,September
22,0,0,0,3EDM,September
5,0.326348334,0.332986472,0.329349769,2EDM,September
6,5.376159395,6.035379813,5.674226028,2EDM,September
7,9.395396771,9.448491155,9.419403406,2EDM,September
8,10.75231879,10.61394381,10.68975252,2EDM,September
9,11.02713844,11.21748179,11.11320222,2EDM,September
10,10.97560976,11.38397503,11.16025219,2EDM,September
11,10.83819993,10.78043704,10.81208243,2EDM,September
12,9.549982824,8.990634755,9.297073492,2EDM,September
13,7.935417382,7.013527575,7.518584737,2EDM,September
14,6.355204397,6.139438085,6.25764562,2EDM,September
15,5.135692202,5.140478668,5.137856404,2EDM,September
16,4.190999656,3.579604579,3.91455726,2EDM,September
17,3.280659567,3.704474506,3.472287569,2EDM,September
18,2.507729303,2.934443288,2.70066811,2EDM,September
19,1.940913775,2.414151925,2.154888492,2EDM,September
20,0.412229474,0.270551509,0.348169756,2EDM,September
21,0,0,0,2EDM,September
22,x,y,z,2EDM,September
5,0.971922246,0.395022714,0.70115596,1EDM,September
6,4.913606911,3.71321351,4.330111806,1EDM,September
7,7.919366451,7.663440648,7.807466363,1EDM,September
8,9.953203744,9.57930081,9.759332954,1EDM,September
9,10.85313175,10.36934624,10.60261512,1EDM,September
10,11.26709863,10.68536441,10.96266818,1EDM,September
11,10.97912167,10.626111,10.78264165,1EDM,September
12,9.755219582,9.480545131,9.607731666,1EDM,September
13,8.549316055,8.275725854,8.413871518,1EDM,September
14,6.803455724,6.833892949,6.812582907,1EDM,September
15,5.615550756,5.8660873,5.760848967,1EDM,September
16,4.67962563,5.293304365,5.002842524,1EDM,September
17,3.473722102,4.760023701,4.112184954,1EDM,September
18,2.357811375,3.752715781,3.041500853,1EDM,September
19,1.241900648,2.42938969,1.819215463,1EDM,September
20,0.665946724,0.2765159,0.483229107,1EDM,September
21,0,0,0,1EDM,September
22,x,y,z,1EDM,September
